case	LC_ALL	LC_CTYPE	LANG	python_stdout	locale_charmap	is_utf8
all-unset	-	-	-	UTF-8	ANSI_X3.4-1968	1
LC_ALL=C	C	-	-	None	ANSI_X3.4-1968	0
LC_ALL=POSIX	POSIX	-	-	None	ANSI_X3.4-1968	0
LC_ALL=C.UTF-8	C.UTF-8	-	-	UTF-8	UTF-8	1
LC_ALL=en_US.UTF-8	en_US.UTF-8	-	-	UTF-8	UTF-8	1
LC_ALL=en_US.utf8	en_US.utf8	-	-	UTF-8	UTF-8	1
LC_ALL=en_US	en_US	-	-	ISO8859-1	ISO-8859-1	0
LC_ALL=en_US.ISO-8859-1	en_US.ISO-8859-1	-	-	ISO8859-1	ISO-8859-1	0
LC_ALL=xx_YY.ISO-8859-1	xx_YY.ISO-8859-1	-	-	None	ANSI_X3.4-1968	0
LC_ALL=empty		-	-	UTF-8	ANSI_X3.4-1968	1
LC_CTYPE=C	-	C	-	UTF-8	ANSI_X3.4-1968	1
LC_CTYPE=POSIX	-	POSIX	-	UTF-8	ANSI_X3.4-1968	1
LC_CTYPE=C.UTF-8	-	C.UTF-8	-	UTF-8	UTF-8	1
LC_CTYPE=en_US.UTF-8	-	en_US.UTF-8	-	UTF-8	UTF-8	1
LC_CTYPE=en_US.utf8	-	en_US.utf8	-	UTF-8	UTF-8	1
LC_CTYPE=en_US	-	en_US	-	ISO8859-1	ISO-8859-1	0
LC_CTYPE=en_US.ISO-8859-1	-	en_US.ISO-8859-1	-	ISO8859-1	ISO-8859-1	0
LC_CTYPE=xx_YY.ISO-8859-1	-	xx_YY.ISO-8859-1	-	UTF-8	ANSI_X3.4-1968	1
LC_CTYPE=empty	-		-	UTF-8	ANSI_X3.4-1968	1
LANG=C	-	-	C	UTF-8	ANSI_X3.4-1968	1
LANG=POSIX	-	-	POSIX	UTF-8	ANSI_X3.4-1968	1
LANG=C.UTF-8	-	-	C.UTF-8	UTF-8	UTF-8	1
LANG=en_US.UTF-8	-	-	en_US.UTF-8	UTF-8	UTF-8	1
LANG=en_US.utf8	-	-	en_US.utf8	UTF-8	UTF-8	1
LANG=en_US	-	-	en_US	ISO8859-1	ISO-8859-1	0
LANG=en_US.ISO-8859-1	-	-	en_US.ISO-8859-1	ISO8859-1	ISO-8859-1	0
LANG=xx_YY.ISO-8859-1	-	-	xx_YY.ISO-8859-1	UTF-8	ANSI_X3.4-1968	1
LANG=empty	-	-		UTF-8	ANSI_X3.4-1968	1
mix-LANG-en_US.UTF-8-LC_CTYPE-C	-	C	en_US.UTF-8	UTF-8	ANSI_X3.4-1968	1
mix-LANG-C-LC_CTYPE-en_US.UTF-8	-	en_US.UTF-8	C	UTF-8	UTF-8	1
mix-LC_ALL-C-LANG-en_US.UTF-8	C	-	en_US.UTF-8	None	ANSI_X3.4-1968	0
